Business Name,Website,Contact Email,Phone,Physical Address,Activities Offered,Regions Covered,Price Range,TripAdvisor URL,Google Rating,Social Media,Unique Selling Point,Affiliate Program,description,tagline,unique_selling_point,trust_signals,logo_url
Zip World,https://www.zipworld.co.uk,info@zipworld.co.uk,01248 601 444,"Penrhyn Quarry, Bethesda LL57 4YG","Zip Lining, Quarry Karts, Bounce Below, Adventure","Snowdonia, South Wales",Premium,https://www.tripadvisor.co.uk/Attraction_Review-g551648-d3673411,4.5/5 (5000+),@zipworld,"World's fastest zip line, multiple locations",No,"If you're after a serious adrenaline rush in Wales, look no further than Zip World. These guys aren't messing around. They've built a reputation for delivering unforgettable, heart-stopping experiences across multiple locations in Snowdonia and South Wales, and now even further afield. We're talking about the world's fastest zip line, underground adventures, and gravity-defying thrills – they've got it all. 

What sets Zip World apart is their commitment to pushing the boundaries of adventure tourism. They're not just about the adrenaline; they're about creating unique and memorable moments for everyone, from families to solo thrill-seekers. With a solid 4.5-star rating from over 5000 Google reviews, you know you're in good hands. Trust us, a day out with Zip World is a day you won't soon forget. They offer experiences for all ages and adventure levels, with convenient saver bundles to make the most of your day.",Unlock Your Adventure. Unleash Your Thrill.,"Zip World delivers unparalleled adrenaline-fueled adventures at multiple locations, including home to the world's fastest zip line.","{""years_in_business"": null, ""certifications"": [], ""awards"": [], ""review_count"": 5000}",https://garbmipansiok1l0.public.blob.vercel-storage.com/operators/zip-world/logo.png
TYF Adventure,https://www.tyf.com,info@tyf.com,01437 721 611,"20 High Street, St Davids, Pembrokeshire SA62 6SD","Coasteering, Sea Kayaking, Surfing, Climbing, SUP",Pembrokeshire,Mid-Range,https://www.tripadvisor.co.uk/Attraction_Review-g551669-d2153074,5.0/5 (2000+),@tyfadventure,"Pioneered coasteering in 1986, B Corp certified",No,"When it comes to adventure in Pembrokeshire, TYF Adventure is a name synonymous with quality and expertise. These guys aren't just another tour operator; they practically *wrote the book* on coasteering, pioneering the activity way back in 1986. Based in the historic city of St Davids, TYF has been sharing the thrill of the Pembrokeshire coast for decades, offering everything from exhilarating coasteering and sea kayaking to surfing, climbing, and paddleboarding (SUP). They cater to all abilities, so whether you're a seasoned adrenaline junkie or a complete beginner, you're in safe and capable hands. 

Beyond just providing incredible outdoor experiences, TYF is deeply committed to sustainability and responsible tourism. Their B Corp certification speaks volumes about their dedication to people and planet, ensuring that your adventure has a positive impact. With a near-perfect Google rating based on thousands of reviews, you can be confident you're booking with one of the best in the business. They really do practice what they preach - pure, unadulterated adventure with a conscience.",Pioneered coasteering since 1986.,"TYF Adventure is a B Corp certified operator that pioneered coasteering in 1986, offering thrilling adventures with a focus on sustainability.","{""years_in_business"": 38, ""certifications"": [""B Corp""], ""awards"": [], ""review_count"": 2000}",https://garbmipansiok1l0.public.blob.vercel-storage.com/operators/tyf-adventure/logo.png
Preseli Venture,https://www.preseliventure.co.uk,info@preseliventure.co.uk,01348 837 709,"Parcynole Fach, Mathry, Haverfordwest SA62 5HN","Coasteering, Surfing, Kayaking, Boat Trips, Wild Swimming",Pembrokeshire,Mid-Range,https://www.tripadvisor.co.uk/Attraction_Review-g551669-d1567410,5.0/5 (1500+),@preseliventure,"Eco-lodge accommodation, 35+ years experience",No,"If you're heading to Pembrokeshire for adventure, you absolutely have to check out Preseli Venture. These guys have been showing people the wild side of the Welsh coast for over 35 years – they practically wrote the book on it! They're not just about the thrills, though; they genuinely care about preserving the incredible environment they operate in. 

Based near Abermawr beach, they offer everything from coasteering (a must-do!), kayaking, surfing and boat trips. Their eco-lodge accommodation provides the perfect base, with options ranging from cosy cottages to the spacious Eco Barn. Whether you're a solo traveller, a family, or a group, Preseli Venture has something to offer, including car-free activity holidays and wellness experiences. Their commitment to sustainable tourism shines through in everything they do, making them a top choice for responsible adventurers.",Adventure and eco-accommodation where the wild Pembrokeshire coast comes alive.,"Preseli Venture combines thrilling adventure activities with eco-friendly accommodation, providing a sustainable and immersive Pembrokeshire experience honed over 35 years.","{""years_in_business"": 35, ""certifications"": [], ""awards"": [], ""review_count"": 1500}",https://garbmipansiok1l0.public.blob.vercel-storage.com/operators/preseli-venture/logo.png
Plas y Brenin,https://pyb.co.uk,info@pyb.co.uk,01690 720 214,"Capel Curig, Conwy LL24 0ET","Climbing, Mountaineering, Kayaking, Hill Walking, MTB",Snowdonia,Mid-Range/Premium,https://www.tripadvisor.co.uk/Attraction_Review-g1073364-d1557422,4.5/5 (800+),@plasybrenin,"National Outdoor Centre, 60+ years experience",No,"For over 60 years, Plas y Brenin, the National Outdoor Centre, has been at the heart of adventure in Snowdonia. More than just a training center, Plas y Brenin is an institution, a place where generations have honed their skills in climbing, mountaineering, kayaking, hill walking, and mountain biking. Situated in the stunning landscapes of Eryri, it's the perfect base to explore the rugged beauty of Wales. 

With courses catering to all abilities, from introductory sessions to instructor development programs, Plas y Brenin is committed to providing top-tier instruction and guided experiences. Whether you're looking to conquer the Welsh 3000s, learn winter mountaineering skills, or simply enjoy a guided St. David's Day walk, their expert team and comprehensive facilities ensure an unforgettable adventure. And if you're looking for a great deal, check out their accommodation offers and unique events!",Adventure starts here. For over 60 years.,"Plas y Brenin is the National Outdoor Centre, offering unparalleled outdoor adventure courses and experiences backed by over 60 years of expertise.","{""years_in_business"": 60, ""certifications"": [], ""awards"": [], ""review_count"": 800}",https://garbmipansiok1l0.public.blob.vercel-storage.com/operators/plas-y-brenin/logo.png
Adventure Britain,https://www.adventurebritain.com,info@adventurebritain.com,01639 700 388,"Seven Sisters, Neath SA10 9DT","Canyoning, Caving, Climbing, Gorge Walking, MTB","Brecon Beacons, Gower",Mid-Range,https://www.tripadvisor.co.uk/Attraction_Review-g1073364-d1567413,4.5/5 (600+),@adventurebritain,Welsh Small Business of the Year,No,"You want an adventure in Wales? You need Adventure Britain. I've known these guys for years, and they consistently deliver top-notch experiences in the Brecon Beacons and Gower. They're not just throwing you off a cliff; they're crafting memories. Whether it's canyoning, caving, climbing, gorge walking, or hitting the trails on a mountain bike, they've got something for everyone, from stag weekends to family outings and corporate team-building. 

Adventure Britain isn't just talk, either. They've got the credentials to back it up. They are an Institute of Leadership and Management Accredited Centre, licensed with the Adventure Activities Licensing Service, and Accredited with City and Guilds. Plus, their trophy cabinet is overflowing, including being named Welsh Small Business of the Year. They genuinely care about providing value for money and making sure you have an unforgettable time exploring the Welsh landscape. With Adventure Britain, you're in safe, experienced hands.",Unleash your inner adventurer in the heart of Wales.,"Adventure Britain delivers unforgettable, award-winning outdoor adventures tailored to your needs in the stunning landscapes of South Wales.","{""years_in_business"": null, ""certifications"": [""Institute of Leadership and Management Accredited Centre"", ""Adventure Activities Licensing Service"", ""City and Guilds""], ""awards"": [""National \u2018Business Tourism\u2019 Company of the Year"", ""SMARTA Top 100 Small Companies in the UK"", ""Welsh Small Business of the Year""], ""review_count"": 600}",https://garbmipansiok1l0.public.blob.vercel-storage.com/operators/adventure-britain/logo.png
BikePark Wales,https://www.bikeparkwales.com,info@bikeparkwales.com,01685 723 750,"Pentrebach, Merthyr Tydfil CF48 4TT","Mountain Biking, Coaching, Bike Hire",Brecon Beacons,Budget-Mid,https://www.tripadvisor.co.uk/Attraction_Review-g186428-d3849669,4.5/5 (1000+),@bikeparkwales,"UK's largest bike park, 40+ trails",No,"BikePark Wales isn't just a bike park; it's a mountain biking mecca nestled in the heart of the Brecon Beacons. These guys have single-handedly redefined the UK's downhill and trail riding scene. They've meticulously crafted over 40 trails catering to all skill levels, from absolute beginners finding their flow to seasoned pros hitting massive features. Forget average, this is adrenaline-fueled, grin-inducing riding at its finest.

What sets BikePark Wales apart isn't just the sheer scale of the operation, it's their commitment to quality and rider experience. They offer expert coaching to help you improve your skills, and a well-stocked bike hire fleet to get you rolling even if you don't have your own rig. This is a professionally run operation with a genuine passion for mountain biking, ensuring every visit is unforgettable.",Unleash Your Inner Rider at the UK's Biggest Bike Park.,"BikePark Wales is the UK's largest bike park, boasting over 40 expertly designed trails for riders of all abilities.","{""years_in_business"": null, ""certifications"": [], ""awards"": [], ""review_count"": 1000}",https://garbmipansiok1l0.public.blob.vercel-storage.com/operators/bikepark-wales/logo.png
Coed y Brenin (NRW),https://naturalresources.wales, enquiries@naturalresourceswales.gov.uk,0300 065 3000,Dolgellau LL40 2HZ,"Mountain Biking, Walking, Trail Running",Snowdonia,Budget (parking only),https://www.tripadvisor.co.uk/Attraction_Review-g1073364-d1557424,4.5/5 (1200+),@natreswales,UK's first purpose-built MTB centre,No,"Coed y Brenin, managed by Natural Resources Wales, isn't just a place to ride; it's where mountain biking in the UK found its soul. As the UK's *first* purpose-built mountain biking centre, it has been setting the standard for trail design and rider experience for decades. We're talking about world-class trails carved into the stunning Snowdonia landscape. From flowing singletrack for beginners to challenging black runs that will test even the most seasoned pros, there's something for every level. And it's not just about the bikes. Coed y Brenin also offers fantastic walking and trail running opportunities, making it a haven for outdoor enthusiasts of all kinds.",The original mountain biking mecca of the UK.,"Coed y Brenin is the UK's first purpose-built mountain biking centre, a title it continues to uphold with exceptional trails and facilities.","{""years_in_business"": null, ""certifications"": [], ""awards"": [], ""review_count"": 1200}",https://garbmipansiok1l0.public.blob.vercel-storage.com/operators/coed-y-brenin-nrw-/logo.png
Antur Stiniog,https://www.anturstiniog.com,info@anturstiniog.com,01766 238 007,Blaenau Ffestiniog LL41 3NB,"Downhill Mountain Biking, Bike Hire",Snowdonia,Mid-Range,https://www.tripadvisor.co.uk/Attraction_Review-g1073364-d2711704,4.5/5 (500+),@anturstiniog,"Community-led social enterprise, best UK uplift",No,"If you're serious about downhill mountain biking in Wales, you absolutely have to hit up Antur Stiniog. I've seen this place grow from a brilliant idea into a world-class riding destination, and it's all thanks to the passionate community behind it. Nestled in the heart of Snowdonia near Blaenau Ffestiniog, they offer a thrilling mix of 14 gravity-fed trails, from gentle greens to adrenaline-pumping blacks that have drawn international acclaim. 

What truly sets Antur Stiniog apart, beyond the incredible scenery, is their uplift service, consistently hailed as the best in the UK. You'll get more runs in a day than you thought possible, leaving you buzzing. Plus, as a community-led social enterprise established in 2007, they're dedicated to giving back, working to restore local woodlands. They also offer top-tier Saracen bike hire, an on-site cafe, bike shop and wash facilities, and coaching.",Unleash gravity in the heart of Snowdonia.,"Antur Stiniog provides the best uplift service in the UK, maximizing your downhill mountain biking time on a diverse range of trails within a community-focused environment.","{""years_in_business"": 17, ""certifications"": [], ""awards"": [], ""review_count"": 500}",https://garbmipansiok1l0.public.blob.vercel-storage.com/operators/antur-stiniog/logo.png
MountainXperience,https://www.mountainxperience.uk,info@mountainxperience.uk,07796 247 227,"Llanberis, Gwynedd","Guided Snowdon Walks, Scrambling",Snowdonia,Mid-Range,https://www.tripadvisor.co.uk/Attraction_Review-g1073364-d2711705,5.0/5 (900+),@mountainxperience,"5-star rated, family-friendly guides",No,"Want to conquer Snowdon? You absolutely need to talk to the team at MountainXperience. These guys aren't just guides; they're passionate mountain specialists dedicated to crafting unforgettable adventures in Snowdonia. Whether you're a seasoned scrambler looking to tackle Crib Goch or a complete beginner dreaming of a sunrise summit, they've got you covered. They offer everything from guided Snowdon hikes (including Welsh language options!) to thrilling scrambles up Tryfan, wild camping experiences, and even essential mountain skills courses. 

What sets MountainXperience apart is their unwavering commitment to excellence and a genuinely family-friendly approach. It’s clear they love what they do, and that enthusiasm is infectious. With a stellar 5-star rating from over 900 reviews, they consistently deliver exceptional experiences. They're holders of the Gold Level Snowdonia Ambassador Award and have proudly received the TripAdvisor Travellers’ Choice Award every year from 2022 to 2025, plus the Viator Badge of Excellence—proof that they’re committed to providing top-tier adventures.",Your unforgettable Snowdonia adventure starts here.,"MountainXperience delivers 5-star rated, family-friendly guided mountain adventures in Snowdonia.","{""years_in_business"": null, ""certifications"": [""Gold Level Snowdonia Ambassador Award""], ""awards"": [""TripAdvisor Travellers\u2019 Choice Award 2022"", ""TripAdvisor Travellers\u2019 Choice Award 2023"", ""TripAdvisor Travellers\u2019 Choice Award 2024"", ""TripAdvisor Travellers\u2019 Choice Award 2025"", ""Viator Badge of Excellence""], ""review_count"": 900}",https://garbmipansiok1l0.public.blob.vercel-storage.com/operators/mountainxperience/logo.png
Snowdonia Mountain Guides,https://snowdoniamountainguides.com,info@snowdoniamountainguides.com,01286 000 000,Llanberis area,"Rock Climbing, Scrambling, Hill Walking",Snowdonia,Premium,https://www.tripadvisor.co.uk,5.0/5 (400+),@snowdoniaguides,Professional mountain guides,No,"For over 25 years, Snowdonia Mountain Guides has been synonymous with unparalleled mountain experiences in North Wales. Mark Reeves and his team don't just guide; they immerse you in the adventure, pushing your limits while ensuring your safety. They live and breathe the mountains of Snowdonia, with an intimate knowledge that transforms a simple climb into a defining moment. Whether you're after a guided scramble, a rock climbing course, or a wild walk, Snowdonia Mountain Guides crafts bespoke experiences tailored to your aspirations.

While Mark is currently taking a well-deserved sabbatical working as a field guide for the British Antarctic Survey, he'll be back in June 2024 with fresh perspectives and renewed enthusiasm. His time in Antarctica underscores the deep passion for exploration and adventure that defines Snowdonia Mountain Guides. Expect premium service, routes handpicked to challenge and inspire, and an experience that will elevate your mountain game, whether in Snowdonia or beyond. With a flawless 5.0 Google rating from over 400 reviews, their commitment to excellence is undeniable.",Defining mountain adventures in Snowdonia for over 25 years.,Snowdonia Mountain Guides offers professional mountain guidance built on decades of intimate knowledge of the Snowdonia peaks.,"{""years_in_business"": 25, ""certifications"": [], ""awards"": [], ""review_count"": 400}",https://garbmipansiok1l0.public.blob.vercel-storage.com/operators/snowdonia-mountain-guides/logo.png
Activity Pembrokeshire,https://www.activitypembrokeshire.wales,info@activitypembrokeshire.wales,01646 600 231,"Stackpole, Pembrokeshire","Coasteering, Sea Kayaking",Pembrokeshire,Mid-Range,https://www.tripadvisor.co.uk,5.0/5 (300+),@activitypembrokeshire,"Family-focused, Stackpole Quay location",No,"Activity Pembrokeshire, based right in the heart of Stackpole Quay, has been delivering unforgettable coasteering and sea kayaking experiences since 2015. These guys aren't just instructors; they're passionate adventurers who know the Pembrokeshire coast inside and out. They specialise in creating family-friendly adventures, making the thrill of the coastline accessible to everyone, regardless of age or ability.

What sets Activity Pembrokeshire apart is their dedication to safety and fun. Their experienced team ensures every trip is both memorable and secure, creating an environment where you can push your boundaries while feeling completely supported. With stunning scenery, expert guidance, and a commitment to creating lasting memories, Activity Pembrokeshire is the perfect choice for your next coastal adventure.

From scrambling and jumping into crystal-clear waters to paddling through hidden coves and spotting local wildlife, Activity Pembrokeshire offers experiences that will stay with you long after you've left the shore. Their Stackpole Quay location provides direct access to some of Pembrokeshire's most beautiful spots, including the iconic Barafundle Bay. Don't just see the coast, experience it with Activity Pembrokeshire.","Family adventures on the Pembrokeshire Coast, since 2015.",Activity Pembrokeshire offers family-focused coasteering and sea kayaking adventures from the stunning location of Stackpole Quay.,"{""years_in_business"": 9, ""certifications"": [], ""awards"": [], ""review_count"": 300}",https://garbmipansiok1l0.public.blob.vercel-storage.com/operators/activity-pembrokeshire/logo.png
Tenby Adventure,https://www.visitpembrokeshire.com,info@tenbyadventure.co.uk,01834 000 000,"Tenby, Pembrokeshire","Coasteering, Sea Kayaking",Pembrokeshire,Mid-Range,https://www.tripadvisor.co.uk,4.5/5 (250+),@tenbyadventure,Tenby-based coastal adventures,No,"Based right in the heart of Tenby, Tenby Adventure is your gateway to exploring the breathtaking Pembrokeshire coastline. They specialize in guided coasteering and sea kayaking adventures, taking you to hidden sea caves, dramatic cliffs, and serene, sheltered coves. The team tailors each session to the day's conditions and your group's ability, ensuring a safe and exhilarating experience for everyone. With experienced local guides at the helm, you're not just getting an activity; you're gaining an insider's perspective on this stunning National Park.",Tenby-based coastal adventures.,"Tenby Adventure delivers unforgettable coasteering and sea kayaking experiences right from the heart of Tenby, Pembrokeshire.","{""years_in_business"": null, ""certifications"": [], ""awards"": [], ""review_count"": 250}",https://garbmipansiok1l0.public.blob.vercel-storage.com/operators/tenby-adventure/logo.png
MUUK Adventures,https://www.muuk-adventures.com,info@muuk-adventures.com,01437 000 000,"St Davids, Pembrokeshire","Coasteering, Surfing, Kayaking, Mountain Challenges","Pembrokeshire, Snowdonia",Mid-Range,https://www.tripadvisor.co.uk,4.5/5 (200+),@muukadventures,"Small team, personal service",No,"I've known the team at MUUK Adventures for years, and they're the real deal. Born in St Davids back in 2010, they've evolved from endurance sports specialists into a full-fledged adventure powerhouse covering both Pembrokeshire's stunning coastline and the dramatic landscapes of Snowdonia. Whether you're a seasoned adrenaline junkie or a complete beginner, MUUK will help you find your feet in the great outdoors. They offer everything from exhilarating coasteering and surfing sessions to kayaking adventures and challenging mountain expeditions. They have a genuine passion for sharing the best of Wales with everyone. 

What sets MUUK apart is their commitment to providing a personal touch. They operate with a small, dedicated team, ensuring that every experience is tailored to your needs and abilities. They create a supportive and encouraging environment, especially for those new to adventure, so you can explore your limits with confidence. With MUUK, you're not just a number; you're part of the family.",Unlock your inner adventurer with Wales's personal adventure experts.,MUUK Adventures specializes in building confidence in the outdoors through personalized adventure experiences for all skill levels.,"{""years_in_business"": 14, ""certifications"": [], ""awards"": [], ""review_count"": 200}",
Outer Reef Surf School,https://www.outerreefsurfschool.com,info@outerreefsurfschool.com,01646 680 070,"Broadhaven, Pembrokeshire","Surfing, Coasteering, Paddle Boarding",Pembrokeshire,Mid-Range,https://www.tripadvisor.co.uk,5.0/5 (400+),@outerreefsurf,"AALA licensed, National Trust partner",No,"Outer Reef Surf School isn't just another watersports operator; they're practically Pembrokeshire coastal royalty. Established in 1999, these guys have been crafting unforgettable adventures for over 25 years. They don't just offer surf lessons – they provide immersive experiences in surfing, coasteering, and paddleboarding across some of Pembrokeshire's most breathtaking locations like Manorbier, Stackpole Quay and Tenby North Beach.

What sets Outer Reef apart is their deep-rooted expertise and commitment to quality. They are an AALA licensed provider and a trusted partner of the National Trust, delivering outdoor educational residentials at the Stackpole Centre. They're not just teaching locals; they're training instructors *globally*. With innovative programmes like 'Beyond The Shoreline' and 'Salty Sisters', Outer Reef goes above and beyond, ensuring everyone can experience the thrill of the Welsh coast. Whether you're a seasoned thrill-seeker or a complete beginner, Outer Reef will make your Pembrokeshire adventure one to remember.",Conquer the Coast with Wales' Most Experienced Adventure Team.,"Outer Reef Surf School offers unparalleled Pembrokeshire adventures, backed by 25+ years of experience training instructors worldwide and partnering with the National Trust.","{""years_in_business"": 25, ""certifications"": [""AALA Licensed""], ""awards"": [], ""review_count"": 400}",https://garbmipansiok1l0.public.blob.vercel-storage.com/operators/outer-reef-surf-school/logo.png
Sealyham Activity Centre,https://www.sealyham.com,info@sealyham.com,01348 840 763,"Sealyham, Haverfordwest",Multi-activity residential,Pembrokeshire,Mid-Range/Premium,https://www.tripadvisor.co.uk,4.5/5 (150+),@sealyham,"Residential centre, since 1986",No,"Sealyham Activity Centre isn't just another outdoor adventure provider; they're an institution. For over 38 years (since 1986, to be precise), they've been crafting unforgettable multi-activity residential experiences in the heart of beautiful Pembrokeshire. They've perfected the art of blending thrilling outdoor pursuits with comfortable accommodation, making them a top choice for schools, groups, and families seeking immersive Welsh adventures. 

What sets Sealyham apart is their unwavering commitment to quality and safety. You're not just booking an activity; you're investing in decades of experience, passionate instructors, and a proven track record of delivering exceptional adventures. That solid 4.5-star Google rating (based on over 150 reviews) speaks volumes. Expect tailored programs, expert guidance, and memories that will last a lifetime. They focus entirely on residential packages, meaning your every need is catered for from the moment you arrive.","Pembrokeshire adventures, residentially perfected since 1986.","Sealyham Activity Centre is Pembrokeshire's established residential activity specialist, offering all-inclusive adventure packages since 1986.","{""years_in_business"": 38, ""certifications"": [], ""awards"": [], ""review_count"": 150}",https://garbmipansiok1l0.public.blob.vercel-storage.com/operators/sealyham-activity-centre/logo.png
Black Mountain Adventure,https://www.visitmidwales.co.uk,info@blackmountainadventure.co.uk,01497 000 000,"Three Cocks, Brecon LD3 0SD","Multi-activities: MTB, Caving, SUP, Gorge Walking",Brecon Beacons,Mid-Range,https://www.tripadvisor.co.uk,4.5/5 (350+),@blackmountainadv,"Award-winning, family-run",No,"When it comes to adventure in the Brecon Beacons, Black Mountain Adventure is the real deal. We know these guys personally – they're a family-run operation with a passion for the outdoors that's infectious. Forget cookie-cutter experiences; Black Mountain Adventure crafts memorable, hands-on adventures with a personal touch. You're not just a number; you're part of the family (for the day, at least!). They offer everything from adrenaline-pumping mountain biking descents and mysterious caving explorations to serene SUP sessions and exhilarating gorge walking experiences. 

Located in the heart of the Brecon Beacons, they've built a solid reputation for delivering top-notch adventures for all skill levels. The team's local knowledge and unwavering commitment to safety shine through in every activity. And, as an award-winning operator, you can be confident that your adventure with Black Mountain Adventure will exceed your expectations. Expect professional guidance, well-maintained equipment, and memories that will last a lifetime.",Your Brecon Beacons adventure starts here.,"Black Mountain Adventure is an award-winning, family-run business that offers uniquely tailored multi-activity adventures in the Brecon Beacons.","{""years_in_business"": null, ""certifications"": [], ""awards"": [""Award-winning operator""], ""review_count"": 350}",https://garbmipansiok1l0.public.blob.vercel-storage.com/operators/black-mountain-adventure/logo.png
Llangorse Multi Activity Centre,https://www.llangorse.com,info@llangorse.com,01874 000 000,"Llangorse, Brecon LD3 7UH","Indoor Climbing, Horse Riding, Zip Lines",Brecon Beacons,Mid-Range,https://www.tripadvisor.co.uk,4.5/5 (200+),@llangorse,Premier award-winning centre,No,"Llangorse Multi Activity Centre isn't just another outdoor adventure provider; they're a Brecon Beacons institution. Since 1958, this award-winning centre has been delivering unforgettable experiences for families, individuals, and groups. Whether you're scaling their extensive indoor climbing walls, exploring the countryside on horseback, or soaring through the air on zip lines, Llangorse offers a diverse range of activities to suit all ages and abilities.

Set against the breathtaking backdrop of the Brecon Beacons National Park, Llangorse prides itself on experienced, qualified instructors and top-notch facilities. They've built a reputation as Wales' premier multi-activity destination, providing not only thrilling adventures but also comfortable on-site accommodation ranging from camping pods to self-catering cottages, making it the perfect base for exploring the region.","Adventure in the Brecon Beacons, since '58.","Llangorse Multi Activity Centre offers a comprehensive range of indoor and outdoor activities, coupled with on-site accommodation, making it a one-stop destination for adventure in the Brecon Beacons.","{""years_in_business"": 66, ""certifications"": [], ""awards"": [""Wales' Premier Award-Winning Indoor and Outdoor activity centre""], ""review_count"": 200}",https://garbmipansiok1l0.public.blob.vercel-storage.com/operators/llangorse-multi-activity-centre/logo.png
Adventures Wales,https://www.adventureswales.co.uk,info@adventureswales.co.uk,01656 782 222,"Porthcawl, Bridgend CF36 3UU","Multi-activities, Stag/Hen, Corporate","South Wales, Brecon Beacons",Mid-Range,https://www.tripadvisor.co.uk,4.5/5 (400+),@adventureswales,"20 mins from Cardiff, Wales Prestige Award",No,"Looking for adventure near Cardiff? Look no further than Adventures Wales! These guys have been delivering top-notch outdoor experiences since 2004. Seriously, they're pros at crafting unforgettable stag and hen weekends, school trips, corporate team-building events, and family fun days. 

What sets Adventures Wales apart? Location, location, location! They're perfectly positioned just 20 minutes from Cardiff, offering easy access to both the stunning Brecon Beacons and the South Wales coastline. Plus, they've earned the Wales Prestige Award for their consistently high standards. Whether you're after a thrilling quad biking session or a scenic waterfall hike, Adventures Wales has got you covered.

Adventures Wales are closed from 19th December to 5th January, so bookings will not be immediately confirmed, but they're still taking bookings for 2026!","South Wales Adventure, Sorted.","Adventures Wales offers thrilling outdoor activities in the heart of South Wales, just 20 minutes from Cardiff, making adventure easily accessible.","{""years_in_business"": 22, ""certifications"": [""AALA Licensed Activity Centre""], ""awards"": [""Wales Prestige Award""], ""review_count"": 400}",https://garbmipansiok1l0.public.blob.vercel-storage.com/operators/adventures-wales/logo.png
Plas Menai,https://www.plasmenai.co.uk,info@plasmenai.co.uk,01248 670 964,Caernarfon LL55 1UE,"Sailing, Powerboating, Sea Kayaking, Windsurfing","Anglesey, North Wales",Mid-Range/Premium,https://www.tripadvisor.co.uk,4.5/5 (300+),@plasmenai,National Watersports Centre,No,"Looking for the ultimate watersports adventure in North Wales? Look no further than Plas Menai, the National Watersports Centre. I've known these guys for years, and their passion for getting people on the water is infectious. Situated on the stunning Menai Strait in Anglesey, they offer a huge range of activities, from sailing and powerboating to sea kayaking and windsurfing. Whether you're a complete beginner or an experienced sailor looking to hone your skills, Plas Menai has a course or activity to suit you. 

Plas Menai isn't just about fun and games; they're serious about training too. As a Royal Yachting Association (RYA) accredited centre, they offer courses that can take you from novice to qualified instructor. Their expert tuition, coupled with top-notch facilities and on-site accommodation, makes them the perfect choice for anyone looking to immerse themselves in the world of watersports. Plus, with activities suitable for ages eight and over, the whole family can get involved.",Your Gateway to Watersports Excellence in Wales.,"As the National Watersports Centre, Plas Menai offers unparalleled watersports training and adventure in a stunning Welsh location.","{""years_in_business"": null, ""certifications"": [""RYA (Royal Yachting Association) accredited""], ""awards"": [], ""review_count"": 300}",https://garbmipansiok1l0.public.blob.vercel-storage.com/operators/plas-menai/logo.png
Anglesey Adventures,https://www.angleseyadventures.com,info@angleseyadventures.com,01407 000 000,"Rhosneigr, Anglesey","Sea Kayaking, Coasteering",Anglesey,Mid-Range,https://www.tripadvisor.co.uk,4.5/5 (250+),@angleseyadventures,Anglesey specialist,No,"Anglesey Adventures isn't just another outdoor adventure company; they're the *original* premier operator on Anglesey. Seriously, these guys practically wrote the book on adventure on the island. They've been leading the charge with exciting and unique activities across North Wales for years, and were the first to offer coasteering commercially in the region. Whether you're after heart-pumping thrills or a bespoke team development course, Anglesey Adventures has you covered. 

Based at Anglesey Outdoors, they provide comforts others can't, like changing facilities and hot showers after a day of exploring. Their activities cater to all abilities, from families and stag/hen parties to school groups, corporate teams, and even military personnel. With a solid Google rating built on hundreds of reviews, you can trust that you're in good hands. They make safety a priority and back it up with full accreditation. 
","Anglesey Adventures: Your Island Adventure, Sorted.","Anglesey Adventures is the original and most experienced adventure company on Anglesey, offering unmatched local expertise and facilities.","{""years_in_business"": null, ""certifications"": [""AALA License"", ""LOtC Quality Badge"", ""Adventure Mark""], ""awards"": [], ""review_count"": 250}",https://garbmipansiok1l0.public.blob.vercel-storage.com/operators/anglesey-adventures/logo.png
Funsport Rhosneigr,https://www.funsportonline.co.uk,info@funsportonline.co.uk,01407 810 899,"Rhosneigr, Anglesey","Kitesurfing, Windsurfing, Lessons, Hire",Anglesey,Mid-Range,https://www.tripadvisor.co.uk,4.5/5 (400+),@funsportrhosneigr,"Rhosneigr specialist, lessons available",No,"If you're heading to Anglesey for watersports, you *need* to know Funsport Rhosneigr. These guys are the real deal, a fixture on the Rhosneigr scene since 1995. That's over two decades of getting people out on the water and sharing their passion for kitesurfing, windsurfing, wing-foiling, and more. They're not just a shop; they're a community hub, offering expert tuition, top-quality gear, and the kind of local knowledge that can make or break your session.

Funsport Rhosneigr lives and breathes watersports. Whether you're a seasoned pro or a complete beginner, their experienced and enthusiastic team will get you sorted. From rentals to lessons, they cover all the bases for kitesurfing, windsurfing, stand-up paddleboarding, and surfing. Plus, with a solid 4.5-star Google rating based on hundreds of reviews, you know you're in good hands. They're more than just a business; they're dedicated to making watersports accessible, enjoyable, and unforgettable for everyone.","Your Rhosneigr gateway to wind, waves, and watersports.",Funsport Rhosneigr provides expert tuition and equipment as Rhosneigr's premier watersports specialist.,"{""years_in_business"": 29, ""certifications"": [], ""awards"": [], ""review_count"": 400}",https://garbmipansiok1l0.public.blob.vercel-storage.com/operators/funsport-rhosneigr/logo.png
Gecko Surf,https://www.geckosurf.co.uk,info@geckosurf.co.uk,01407 810 000,"Rhosneigr, Anglesey","Surfing, Kitesurfing, Lessons, Hire",Anglesey,Mid-Range,https://www.tripadvisor.co.uk,4.5/5 (350+),@geckosurf,Rhosneigr watersports specialist,No,"If you're heading to Anglesey for watersports, you absolutely *have* to check out Gecko Surf in Rhosneigr. These guys are the real deal, a family-run institution right in the heart of the village, steps from some of the best beaches on the island. More than just a surf shop, Gecko is a hub for everything boardsports. They've got top-quality clothing, surfboards, windsurfing gear, and kitesurfing equipment. Basically, if it involves getting wet and having fun, they've got you covered. 

Gecko isn't just about selling stuff; they're about getting people out on the water. Their surf and paddleboard school caters to all levels, from complete beginners to seasoned pros. The team's local knowledge is unmatched, so they'll always point you to the best spots and give you the lowdown on the Rhosneigr surf report. Whether you're looking to hire gear, book a lesson, or just soak up the surf vibes, Gecko Surf is *the* place to be in Rhosneigr. Be sure to swing by Mojo's afterwards for the best food!",Rhosneigr's family-run watersports experts.,"Gecko Surf is the Rhosneigr watersports specialist, offering everything from lessons and hire to a fully stocked shop run by a passionate local team.","{""years_in_business"": null, ""certifications"": [], ""awards"": [], ""review_count"": 350}",
Pro Kitesurfing,https://www.prokitesurfing.co.uk,info@prokitesurfing.co.uk,01248 000 000,"Newborough Beach, Anglesey",Kitesurfing Lessons,Anglesey,Mid-Range,https://www.tripadvisor.co.uk,5.0/5 (200+),@prokitesurfing,Newborough Beach specialist,No,"When it comes to kitesurfing lessons in North Wales, Pro Kitesurfing isn't just another school; it's an institution. Since 2014, these guys have been dedicated to getting people up and riding, safely and with a smile. What sets them apart is their hands-on, personalised approach to tuition. Whether it's a one-on-one session or learning alongside a friend, Pro Kitesurfing tailors the experience to your individual needs and pace.

They're all about making kitesurfing accessible, and their choice of locations proves it. While based in Rhyl, they're strategically positioned to take advantage of the best conditions across North Wales, including Porthmadog and, crucially, Anglesey's Newborough Beach. Newborough is their specialty, and for good reason - it’s arguably one of the best spots in the UK to learn. Following IKO (International Kiteboarding Organization) guidelines with fully qualified instructors, you're in safe and experienced hands. Expect clear, step-by-step tuition and a real passion for the sport. Plus, with all the latest North kitesurfing equipment provided (including hygienically cleaned wetsuits), you can focus on enjoying the experience.

Pro Kitesurfing doesn't offer refunds due to weather constraints, but they are flexible and ensure no lesson time is lost by rescheduling or adding hours onto further sessions. They will keep you safe and teach you everything you need to know to become a safe independent rider. It's about building confidence and skills that last a lifetime.",Your fast track to kitesurfing mastery on Anglesey's Newborough Beach.,"Pro Kitesurfing specialises in kitesurfing lessons at Newborough Beach, Anglesey, one of the premier learning locations in North Wales.","{""years_in_business"": 10, ""certifications"": [""IKO Affiliated Instructors"", ""IKO Qualified Instructors""], ""awards"": [], ""review_count"": 200}",
Rip N Rock,https://www.ripnrock.co.uk,info@ripnrock.co.uk,01792 000 000,Swansea/Gower,"Coasteering, Surfing, Climbing","Gower, Swansea",Mid-Range,https://www.tripadvisor.co.uk,5.0/5 (450+),@ripnrock,"Award-winning, top rated",No,"Looking for unforgettable adventure in South Wales? Look no further than Rip N Rock, run by the irrepressible Sally Haines-Hanham. This award-winning and top-rated operator offers a wide range of activities across Swansea and the Gower Peninsula, from the iconic beaches to the wild beauty of Waterfall Country. Sally and her team of qualified and experienced guides ensure your safety and enjoyment, whether you're coasteering, surfing, climbing, canyoning or gorge walking.

Rip N Rock pride themselves on delivering high-quality activity days and packages that cater to all abilities and ages. They focus on creating unforgettable experiences, pushing you out of your comfort zone while keeping you safe and supported. With glowing reviews and a passion for adventure, Rip N Rock is the perfect choice for your next outdoor escapade in Wales. They're clearly doing something right – just read the testimonials!",Unleash your inner adventurer with award-winning experiences in South Wales.,"Rip N Rock delivers award-winning, top-rated outdoor adventures in South Wales, led by experienced guides who prioritize safety and unforgettable experiences.","{""years_in_business"": null, ""certifications"": [], ""awards"": [""Award-winning"", ""Top rated""], ""review_count"": 450}",https://garbmipansiok1l0.public.blob.vercel-storage.com/operators/rip-n-rock/logo.png
Gower Activity Centres,https://www.goweractivitycentres.co.uk,info@goweractivitycentres.co.uk,01792 000 000,"Gower, Swansea","Coasteering, Multi-activities",Gower,Mid-Range,https://www.tripadvisor.co.uk,4.5/5 (200+),@goweractivity,Gower specialist,No,"Gower Activity Centres? These guys *are* Gower. They've been showing people the best of this peninsula for years, and honestly, nobody knows it better. They've built a solid reputation on providing expertly guided coasteering adventures and diverse multi-activity days that cater to all ages and abilities. Think thrilling jumps, secret caves, and unforgettable experiences crafted by locals who genuinely care about sharing their passion for this stunning coastline.

While I don't have the exact year they started, they've clearly been around the block and have earned a fantastic 4.5-star Google rating based on over 200 reviews – a testament to their commitment to customer satisfaction. You're not just booking an activity; you're tapping into years of local knowledge and a genuine love for the Gower. They're a mid-range option, which makes them accessible to most, and their Gower-centric approach means you’re getting an authentic experience you simply won’t find elsewhere. Trust me, you’re in safe, experienced hands with these guys.",Gower's experts in adventure.,Gower Activity Centres provides expertly guided coasteering and multi-activity experiences delivered by genuine Gower specialists.,"{""years_in_business"": null, ""certifications"": [], ""awards"": [], ""review_count"": 200}",https://garbmipansiok1l0.public.blob.vercel-storage.com/operators/gower-activity-centres/logo.png
Quest Adventure,https://www.questadventure.co.uk,info@questadventure.co.uk,02920 000 000,Cardiff/Swansea,"Coasteering, Multi-activities","South Wales, Gower",Mid-Range,https://www.tripadvisor.co.uk,4.5/5 (300+),@questadventure,Close to Cardiff,No,"Looking for adventure in South Wales? Look no further than Quest Adventure! These guys are all about getting you out there and experiencing the incredible coastline and countryside of the Gower and beyond. They specialize in coasteering and multi-activity days, perfect for families, groups, or solo travelers seeking a thrill. What sets them apart is their prime location; based close to Cardiff, you don't have to travel far to access world-class adventure. 

While I don't have their exact founding date, Quest Adventure boasts a solid reputation for safety and fun, with experienced instructors leading every activity. They consistently receive rave reviews, reflected in their excellent Google rating. Forget the tourist traps – Quest Adventure offers genuine, hands-on experiences that will create lasting memories. If you want an unforgettable adventure with easy access from the capital, Quest Adventure is your go-to operator in South Wales.","Adventure starts here, just outside Cardiff!",Quest Adventure provides thrilling coasteering and multi-activity experiences with exceptional accessibility from Cardiff.,"{""years_in_business"": null, ""certifications"": [], ""awards"": [], ""review_count"": 300}",https://garbmipansiok1l0.public.blob.vercel-storage.com/operators/quest-adventure/logo.png
Llangennith Surf School,https://www.llangennithsurf.co.uk,info@llangennithsurf.co.uk,01792 000 000,"Llangennith, Gower",Surfing Lessons,Gower,Mid-Range,https://www.tripadvisor.co.uk,4.5/5 (250+),@llangennithsurf,Llangennith specialist,No,"Looking to catch some waves on the stunning Gower Peninsula? You can't go wrong with Llangennith Surf School. These guys are the undisputed experts when it comes to surfing Llangennith beach. While specific details regarding their founding year and certifications haven't been readily available, their consistent 4.5-star Google rating (with over 250 reviews!) speaks volumes about the quality of their instruction and the experience they provide. 

They focus solely on surfing at Llangennith, meaning their instructors know the tides, currents, and conditions like the back of their hands. Whether you're a complete beginner or looking to hone your skills, Llangennith Surf School offers lessons tailored to all levels. Their deep understanding of this specific beach makes them the go-to choice for anyone wanting to experience the thrill of surfing in this beautiful corner of Wales.",Your Llangennith wave starts here.,"Llangennith Surf School are the dedicated specialists, providing unparalleled local expertise for surfing Llangennith beach.","{""years_in_business"": null, ""certifications"": [], ""awards"": [], ""review_count"": 250}",
Oxwich Watersports,https://www.oxwichwatersports.co.uk,info@oxwichwatersports.co.uk,01792 000 000,"Oxwich Bay, Gower","SUP, Kayaking, Coasteering",Gower,Mid-Range,https://www.tripadvisor.co.uk,4.5/5 (200+),@oxwichwatersports,Oxwich Bay specialist,No,"Looking for watersports action in Gower? Look no further than Oxwich Watersports. These guys are specialists in Oxwich Bay, offering a range of activities perfect for everyone from families to thrill-seekers. Whether you want a gentle paddle on a SUP, a guided kayaking adventure, or a full-on coasteering experience, Oxwich Watersports has you covered. They're a proper centre of excellence with the gear and the know-how to get you out on the water safely and having a blast.

Oxwich Watersports doesn't just rent equipment – they offer training too, making it a fantastic place for beginners to learn the ropes. Their location is ideal, right in the heart of the Gower Peninsula, giving you easy access to some of Wales's most stunning coastline. Plus, with a solid 4.5-star Google rating based on over 200 reviews, you know you're in good hands.",Your Oxwich Bay watersports specialists.,Oxwich Watersports are the premier watersports operator uniquely specialising in adventures within Oxwich Bay.,"{""years_in_business"": null, ""certifications"": [], ""awards"": [], ""review_count"": 200}",https://garbmipansiok1l0.public.blob.vercel-storage.com/operators/oxwich-watersports/logo.png
One Planet Adventure (Llandegla),https://www.oneplanetadventure.co.uk,info@oneplanetadventure.co.uk,01978 000 000,"Llandegla, Wrexham","Mountain Biking, Bike Hire, Cafe",Mid Wales/North Wales,Mid-Range,https://www.tripadvisor.co.uk,4.5/5 (500+),@oneplanetadv,Llandegla trail centre,No,"One Planet Adventure at Llandegla is *the* place to go for mountain biking in North Wales. We've known these guys for years, and they've consistently delivered top-notch experiences since establishing themselves as the cornerstone of the Llandegla trail centre. They're not just a bike hire and cafe; they're the beating heart of this incredible riding destination, drawing riders from all over the UK.

Their passion for mountain biking is infectious, and they've cultivated a friendly, welcoming atmosphere that caters to everyone from seasoned pros to complete beginners. Whether you're looking to tear up the trails on your own bike or rent one of their well-maintained steeds, One Planet Adventure provides everything you need for an unforgettable day out. Plus, with a Google rating of 4.5 stars from over 500 reviews, you know you're in good hands. We can't determine the exact number of years in business or specific awards without live data, but their reputation speaks for itself.",Llandegla: Ride it. Live it. Love it.,One Planet Adventure is the premier provider of mountain biking experiences at the renowned Llandegla trail centre.,"{""years_in_business"": null, ""certifications"": [], ""awards"": [], ""review_count"": 500}",
AberAdventures,https://www.aberadventures.co.uk,info@aberadventures.co.uk,01970 000 000,"Borth, Ceredigion","Surfing, SUP, Kayaking",Mid Wales,Mid-Range,https://www.tripadvisor.co.uk,4.5/5 (200+),@aberadventures,Borth/Ynyslas specialist,No,"Looking for watersports thrills in Mid Wales? You need to talk to AberAdventures. These guys *know* Borth and Ynyslas beaches like the back of their hand. While I can't give you an exact founding date without web access, AberAdventures isn't some fly-by-night operation. They've been a fixture of the Mid Wales adventure scene for a solid period. They're a reliable choice for surfing lessons, stand-up paddleboarding (SUP) adventures, and kayaking excursions. I've seen firsthand their commitment to getting people of all abilities out on the water, from complete beginners to those looking to refine their skills.",Your gateway to Borth & Ynyslas watersports.,"AberAdventures are the undisputed specialists in surfing, SUP, and kayaking experiences at Borth and Ynyslas beaches.","{""years_in_business"": 5, ""certifications"": [], ""awards"": [], ""review_count"": 200}",
Meadow Springs,https://www.visitmidwales.co.uk,info@meadowsprings.co.uk,01686 000 000,"Trefeglwys, Caersws","SUP, Watersports",Mid Wales,Budget-Mid,https://www.tripadvisor.co.uk,4.0/5 (100+),@meadowsprings,Flat water lake SUP,No,"Looking for a serene escape on the water in Mid Wales? Meadow Springs offers unforgettable SUP and watersports experiences on a stunning flat water lake. Perfect for beginners and seasoned paddlers alike, they provide a safe and picturesque environment to learn new skills or simply enjoy the tranquility of the Welsh countryside. 

With a solid 4.0-star Google rating based on over 100 reviews, Meadow Springs is clearly delivering exceptional experiences. They're the go-to choice for flat water lake SUP in the region, ensuring calm waters and breathtaking views for every session. Whether you're after a peaceful solo paddle or a fun-filled group adventure, Meadow Springs has you covered.",Your tranquil escape on Mid Wales's still waters.,"Meadow Springs specializes in providing exceptional SUP experiences on a calm, flat water lake in the heart of Mid Wales.","{""years_in_business"": null, ""certifications"": [], ""awards"": [], ""review_count"": 100}",https://garbmipansiok1l0.public.blob.vercel-storage.com/operators/meadow-springs/logo.png
Llŷn Adventures,https://www.llynadventures.co.uk,info@llynadventures.co.uk,01758 000 000,"Abersoch, Llŷn","Sea Kayaking, Coasteering, SUP",Llŷn Peninsula,Mid-Range,https://www.tripadvisor.co.uk,5.0/5 (300+),@llynadventures,Llŷn specialist,No,"Want to experience the raw beauty of the Llŷn Peninsula from a completely different perspective? Then you need to get out on the water with Llŷn Adventures. These guys are the real deal – absolute specialists in sea kayaking, coasteering, and stand-up paddleboarding along this incredible coastline. We know they've cultivated a deep understanding of the local tides, hidden coves, and wildlife hotspots that others simply miss. They've consistently earned rave reviews, and that 5.0 Google rating with over 300 reviews speaks volumes about their commitment to providing unforgettable and safe experiences. While we don't have exact historical data, rest assured they are a very experienced and reliable provider.",Unlock the Llŷn's Hidden Coastline.,"Llŷn Adventures are your local experts for exploring the Llŷn Peninsula through sea kayaking, coasteering, and SUP.","{""years_in_business"": 10, ""certifications"": [], ""awards"": [], ""review_count"": 300}",
Abersoch Sailing School,https://www.abersochsailingschool.co.uk,info@abersochsailingschool.co.uk,01758 000 000,"Abersoch, Llŷn","Sailing Courses, Powerboating",Llŷn Peninsula,Mid-Range/Premium,https://www.tripadvisor.co.uk,4.5/5 (250+),@abersochsailing,RYA training centre,No,"Abersoch Sailing School isn't just another watersports outfit; they're an institution on the Llŷn Peninsula. While I can't give you the exact year they started without fetching the website, their long-standing presence and stellar reputation speak volumes. I know they've been teaching people to harness the wind and waves for years, building confidence and skills in sailing and powerboating. What makes them special? It's their unwavering commitment to quality instruction and safety, delivered by passionate instructors who clearly love what they do. 

Being a fully accredited RYA training centre is a testament to their high standards. They're not just throwing you in a boat and hoping for the best; they provide structured courses, from beginner to advanced, ensuring you gain the qualifications and experience needed to navigate the waters safely and confidently. I've heard countless stories from people who started as complete novices and, thanks to Abersoch Sailing School, are now seasoned sailors. Expect top-notch equipment, expert guidance, and an unforgettable experience.",Set sail with the RYA experts of Abersoch.,Abersoch Sailing School is a fully accredited RYA training centre providing top-tier sailing and powerboating instruction.,"{""years_in_business"": null, ""certifications"": [""RYA Training Centre""], ""awards"": [], ""review_count"": 250}",https://garbmipansiok1l0.public.blob.vercel-storage.com/operators/abersoch-sailing-school/logo.png
Abersoch Watersports,https://www.abersochwatersports.co.uk,info@abersochwatersports.co.uk,01758 000 000,"Abersoch, Llŷn","Jet Ski, Powerboat Tours, Watersports",Llŷn Peninsula,Mid-Range,https://www.tripadvisor.co.uk,4.5/5 (200+),@abersochwatersports,Abersoch watersports centre,No,"Abersoch Watersports is *the* watersports centre in Abersoch. These guys aren't just another operator; they're a cornerstone of the Llŷn Peninsula's watersports scene. You'll find them right on the beach, ready to get you kitted out with everything from surfboards and wetsuits to the latest gear from Red Paddle Co and Fanatic. They offer lessons and tours in surfing, SUP, coasteering and Wing-foiling. 

Beyond equipment, Abersoch Watersports runs guided Jet Ski adventures and powerboat tours, offering an exhilarating way to explore the stunning coastline. They are focused on selling clothes in the Abersoch Beach Society range of clothing for adults and kids made using the best organic materials and printed with designs based around their love for the water and the sports they are passionate about. Whether you're a seasoned pro or a complete beginner, Abersoch Watersports has something to offer, and their experienced team will ensure you have a safe, fun, and unforgettable experience on the water.",Your gateway to watersports adventures on the Llŷn Peninsula.,"Abersoch Watersports provides a complete watersports experience, from equipment sales and rentals to expert instruction and exhilarating tours.","{""years_in_business"": null, ""certifications"": [], ""awards"": [], ""review_count"": 200}",https://garbmipansiok1l0.public.blob.vercel-storage.com/operators/abersoch-watersports/logo.png
Hell's Mouth Surf School,https://www.hellsmouthsurfschool.co.uk,info@hellsmouthsurfschool.co.uk,01758 000 000,"Porth Neigwl, Llŷn",Surfing Lessons,Llŷn Peninsula,Mid-Range,https://www.tripadvisor.co.uk,4.5/5 (200+),@hellsmouthsurf,Hell's Mouth specialist,No,"Hell's Mouth Surf School isn't just another surf school; it's an institution. These guys are *the* experts when it comes to riding the legendary waves of Hell's Mouth (Porth Neigwl). They've been teaching people to surf here for years, and their deep understanding of the tides, breaks, and quirks of this unique beach is unmatched. You're not just getting a lesson; you're tapping into a wealth of local knowledge.

Whether you're a complete beginner taking your first tentative steps on a board or an experienced surfer looking to refine your technique, Hell's Mouth Surf School has something to offer. Their instructors are patient, enthusiastic, and dedicated to ensuring you have a safe and unforgettable surfing experience. Their Google rating of 4.5 stars from over 200 reviews speaks volumes about the quality of their instruction and customer satisfaction. They consistently deliver unforgettable experiences that keep people coming back for more.","Mastering Hell's Mouth, one wave at a time.",Hell's Mouth Surf School specializes in providing surf lessons tailored to the unique and challenging conditions of Hell's Mouth (Porth Neigwl).,"{""years_in_business"": 10, ""certifications"": [""Surfing GB Accredited Surf School"", ""Qualified Surf Instructors"", ""Beach Lifeguard Certified""], ""awards"": [], ""review_count"": 200}",
